h1,h2,h3,company
PartsTech,,All of Your Suppliers. All in One Place.,partstech
PartsTech,,"Parts + Tires, All in One Platform",partstech
"Parts Ordering, Unlimited.",,Solutions for the Automotive Aftermarket,partstech
,,Stop Wasting Time Chasing Parts,partstech
,,,partstech
,,"Smarter, Faster Automotive E-Commerce",partstech
,,Testimonials,partstech
,,Any Questions?,partstech
,,PartsTech,partstech
,,Solutions,partstech
,,Resources,partstech
,,Terms & Policies,partstech
PartsTech,,All of Your Suppliers. All in One Place.,partstech
PartsTech,,"Parts + Tires, All in One Platform",partstech
"Parts Ordering, Unlimited.",,Solutions for the Automotive Aftermarket,partstech
,,Stop Wasting Time Chasing Parts,partstech
,,,partstech
,,"Smarter, Faster Automotive E-Commerce",partstech
,,Testimonials,partstech
,,Any Questions?,partstech
,,PartsTech,partstech
,,Solutions,partstech
,,Resources,partstech
,,Terms & Policies,partstech
PartsTech,,All of Your Suppliers. All in One Place.,partstech
PartsTech,,"Parts + Tires, All in One Platform",partstech
"Parts Ordering, Unlimited.",,Solutions for the Automotive Aftermarket,partstech
,,Stop Wasting Time Chasing Parts,partstech
,,,partstech
,,"Smarter, Faster Automotive E-Commerce",partstech
,,Testimonials,partstech
,,Any Questions?,partstech
,,PartsTech,partstech
,,Solutions,partstech
,,Resources,partstech
,,Terms & Policies,partstech
PartsTech,,All of Your Suppliers. All in One Place.,partstech
PartsTech,,"Parts + Tires, All in One Platform",partstech
"Parts Ordering, Unlimited.",,Solutions for the Automotive Aftermarket,partstech
,,Stop Wasting Time Chasing Parts,partstech
,,,partstech
,,"Smarter, Faster Automotive E-Commerce",partstech
,,Testimonials,partstech
,,Any Questions?,partstech
,,PartsTech,partstech
,,Solutions,partstech
,,Resources,partstech
,,Terms & Policies,partstech
PartsTech,Blog & News,"Advanced Business Computers of America, Inc. (ABCoA) and PartsTech Announce New Integration",partstech
PartsTech,,PartsTech Now Integrates with Bay-Master,partstech
,,June 2022 System Updates & News,partstech
,,AutoMobile Technologies Partnering with PartsTech to Provide Powerful Integrated Ordering,partstech
,,May 2022 System Updates & News,partstech
,,New From PartsTech: PartsTech Tires Comparison Tool,partstech
,,April 2022 System Updates & News,partstech
,,March 2022 System Updates & News,partstech
,,OK Automotive is Now Available on PartsTech!,partstech
,,ACI - Parts Plus is Now Available on PartsTech,partstech
,,U.S. AutoForce® Is Now Available As an Aftermarket Parts Supplier on PartsTech,partstech
,,January 2022 System Updates & News,partstech
,,Barron Motor Supply Is Now Available On PartsTech!,partstech
,,December 2021 System Updates and News,partstech
,,In Case You Missed It: PartsTech on The ASOG Podcast,partstech
,,Turn Tires Into Profits This Winter!,partstech
,,November 2021 System Updates and News,partstech
,,September 2021 System Updates & News,partstech
,,Ken Smith Auto Parts Is Now Available As a Supplier On PartsTech!,partstech
,,August 2021 System Updates and News,partstech
,,PartsTech,partstech
,,Solutions,partstech
,,Resources,partstech
,,Terms & Policies,partstech
PartsTech,Blog & News,Integration Update: See More Inventory From NAPA Auto Parts!,partstech
PartsTech,,Beachside Auto Parts Is Now Available on PartsTech!,partstech
,,July 2021 System Updates & News,partstech
,,Integration Update: Better Inventory Visibility for AutoZone,partstech
,,Schulz Motor Parts Is Now Available on PartsTech,partstech
,,June 2021 System Updates and News,partstech
,,Here's What Real Repair Shops Have to Say About PartsTech,partstech
,,Rowerdink Is Now Available on PartsTech!,partstech
,,"Lafayette Warehouse, Inc. Is Now Available on PartsTech!",partstech
,,May 2021 Recap: System Updates and News,partstech
,,Action Auto Parts Is Now Available as a Supplier on PartsTech,partstech
,,PartsTech Was Recently Featured In Ratchet + Wrench!,partstech
,,PartsTech Receivers Choice Award Finalists Announced!,partstech
,,April 2021 System Updates & News,partstech
,,PDI is Now Available on PartsTech!,partstech
,,March 2021 System Updates and News,partstech
,,PartsTech Shop Highlight: East Hill Tire,partstech
,,Foreign Parts Specialties Is Now Available as a Supplier!,partstech
,,ProStock Automotive Warehouse Is Now Available as a Supplier!,partstech
,,AB&S Warehouse Is Now Available as a Supplier!,partstech
,,PartsTech,partstech
,,Solutions,partstech
,,Resources,partstech
,,Terms & Policies,partstech
Transform the way you sell auto parts online,Everything your auto business needs to succeed,Awesome GTI,bigcommerce
,Sell More Everywhere,Sportbike Track Gear,bigcommerce
,Your ecommerce toolbox,Car and Van Mats,bigcommerce
,Optimized performance — no overhaul necessary,How to Sell Auto Parts Online,bigcommerce
,Product,Overcoming 6 Ecommerce Pain Points,bigcommerce
,Partners,B2B Ecommerce: Everything You Need to Know,bigcommerce
,Customers,"The Forrester Wave™: B2C Commerce Solutions, Q2 2022",bigcommerce
,Resources,Make sure you have everything you need under the hood of your ecommerce platform.,bigcommerce
,Use Case Solutions,,bigcommerce
,Industry Solutions,,bigcommerce
,Company,,bigcommerce
,Help Center,,bigcommerce
,Product,,bigcommerce
,Partners,,bigcommerce
,Customers,,bigcommerce
,Resources,,bigcommerce
,Use Case Solutions,,bigcommerce
,Industry Solutions,,bigcommerce
,Company,,bigcommerce
,Help Center,,bigcommerce
How to Sell Auto Parts Online: A Guide to Zoom Toward Success,Know What You’re Selling,"Externals: Bumpers, Grills, Side Mirrors, etc.",bigcommerce
,Who’s Buying Your Parts?,"Wheels and Suspension: Tires, Hubcaps, Shocks and Struts, etc.",bigcommerce
,The 4 Best Channels for Selling Auto Parts,"Internals: Spark Plugs, Transmissions, Cylinders, etc.",bigcommerce
,Finding an Ecommerce Platform to Sell Auto Parts Online,"Tools: Jacks, Wrenches, etc.",bigcommerce
,OEM vs Third-Party,Other categories with opportunity.,bigcommerce
,How to Sell Auto Parts Online,"Auto shops, local garages, and other vendors.",bigcommerce
,Checklist to Prep for Launching Your Store,End consumers.,bigcommerce
,The Final Word,1. Your own ecommerce store.,bigcommerce
,FAQs About Selling Auto Parts Online,2. eBay.,bigcommerce
,Product,3. Amazon Marketplace.,bigcommerce
,Partners,4. All three channels combined.,bigcommerce
,Customers,Filter by vehicle.,bigcommerce
,Resources,Faceted search.,bigcommerce
,Use Case Solutions,Loyalty programs.,bigcommerce
,Industry Solutions,Chatbots.,bigcommerce
,Company,Payment gateways.,bigcommerce
,Help Center,B2B capabilities.,bigcommerce
,Product,OEM: Original Equipment Manufacturer.,bigcommerce
,Partners,Third-party.,bigcommerce
,Customers,Talk to mechanics and car enthusiasts first.,bigcommerce
,Resources,Research your competitors.,bigcommerce
,Use Case Solutions,Start building your site.,bigcommerce
,Industry Solutions,"Connect your site to Amazon, eBay, and Google Shopping.",bigcommerce
,Company,Ship your items.,bigcommerce
,Help Center,1. Look for niches.,bigcommerce
,,2. Find uniform manufacturers.,bigcommerce
,,3. Include insightful descriptions.,bigcommerce
,,4. Source professional imagery.,bigcommerce
,,How the Automotive Industry is Shifting Gears to Ecommerce,bigcommerce
,,Ecommerce Website Design Examples,bigcommerce
,,Ecommerce Trends,bigcommerce
,,Ecommerce Hosting,bigcommerce
Overcoming 6 Ecommerce Pain Points,,Is your technology holding you back?,bigcommerce
Outstanding eCommerce  for automotive,The automotive industry at a glance,Albeco,io/industries/ecommerce-for-automotive
,Discounts & bundles,Clickable Automotive,io/industries/ecommerce-for-automotive
,Informative product page,,io/industries/ecommerce-for-automotive
,Shipping Calculation,,io/industries/ecommerce-for-automotive
,Smooth Payments,,io/industries/ecommerce-for-automotive
,Are you looking for an eCommerce solution for the automotive industry?,,io/industries/ecommerce-for-automotive
,Features for the automotive eCommerce market,,io/industries/ecommerce-for-automotive
,My Garage: Unmistakable customer experience,,io/industries/ecommerce-for-automotive
,Fitment: Fit a part for a car online,,io/industries/ecommerce-for-automotive
,Filters: Streamline operations,,io/industries/ecommerce-for-automotive
,Product Recommendations: Increase your online sales,,io/industries/ecommerce-for-automotive
,Live eCommerce solutions for automotive & tech,,io/industries/ecommerce-for-automotive
,Set up the eCommerce for automotive and reach new clients,,io/industries/ecommerce-for-automotive
Search results for: Automotive,,"The best eCommerce platforms for small, medium, and enterprise businesses",io/?s=Automotive
,,A comprehensive comparison of eCommerce platforms: Shopware vs Sylius vs OroCommerce,io/?s=Automotive
,,A year of growth and lasting memories: 2022 Summary,io/?s=Automotive
,,"How to develop Sylius website – tips and tricks, good practices",io/?s=Automotive
,,"5 years with Sylius as Sylius developer, as Sylius consultant, and as Sylius agency",io/?s=Automotive
,,How to migrate the data from Magento 1 to Sylius? The eCommerce replatforming process and migration tool explained,io/?s=Automotive
,,Why it is worth choosing Shopware? Shopware examples,io/?s=Automotive
"Welcome to the Miva
      Ecommerce Strategy & Inspiration Center",Results for: automotive,,miva
,,,miva
Automotive Ecommerce Done Right,Online auto parts stores choose Miva for a reason.,"Attract more visitors, capture more sales, and retain loyal customers.",miva
,Build an Automotive Parts Website Designed to Drive Sales,Year Make Model Lookup,miva
,Trusted By,Sell B2B and B2C,miva
,,Built for Large Catalogs,miva
"Sell Auto Parts Online Sell on your own website, and control your brand",Complete Turnkey Automotive Part Websites,,parts/
,What Parts Square can do for you,,parts/
,"High Converting Websites for
                        Automotive eCommerce",,parts/
,Start the right wayStart with Parts Square,,parts/
,"Industry Proven Solutions for
                        Manufacturers & B2B",,parts/
,Super Configurable Pricing,,parts/
,Provide Your Own Data,,parts/
,On-site SEO,,parts/
,Data Analytics & Live Videos,,parts/
,Automate Payments and Fulfillment - Full Turnkey Ecommerce,,parts/
,Custom Website Designs,,parts/
,Do you have questions,,parts/
,Try Parts Square now.... and Increase your Part Sales,,parts/
Auto Parts Shopping Cart Multi-Store Ecommerce Package,Smart Make/Model/Year (MMY),Signifyd,autopartsshoppingcart
Powerful Features Built Just For Automotive Ecommerce,VIN Search,Bitcoin,autopartsshoppingcart
,Attribute Filtering,Affirm,autopartsshoppingcart
,MMY Selection Landing pages,Nexpart eCatalog,autopartsshoppingcart
,MMY Product Fits Listing,ShipWorks,autopartsshoppingcart
,My Garage,FishBowl,autopartsshoppingcart
,Single Sign-On,Google Shopping,autopartsshoppingcart
,Enhanced User Experience,,autopartsshoppingcart
,Multi-Store,,autopartsshoppingcart
,SEMA Data Co-Op Data API importer,,autopartsshoppingcart
,ASAP Network Data API importer,,autopartsshoppingcart
,Turn14 Distribution Data API importer,,autopartsshoppingcart
,Product Information Exchange Standard (PIES) importer,,autopartsshoppingcart
,Integrations,,autopartsshoppingcart
,Custom Design,,autopartsshoppingcart
,Website Hosting,,autopartsshoppingcart
,Contact Us To Get Started,,autopartsshoppingcart
Blog,Pages,,completewebsol
Blog,Pages,,completewebsol
Blog,Pages,,completewebsol
,airnfuel,Custom Web and Mobile Design,completewebsol
,drivetrain,Our Work,completewebsol
,electrical_ignitions,,completewebsol
,engine_and_components,,completewebsol
,exterior_parts_car_care,,completewebsol
,hardware,,completewebsol
,heating and cooling,,completewebsol
,rukrak wide,,completewebsol
,nitro gear wide,,completewebsol
,Rigid wide,,completewebsol
,Pages,,completewebsol
Auto Parts & eCommerce,Your drop ship source for Aftermarket and OEM Auto Parts,,sophio
Air Intake Parts,"Trusted by professional installers, wholesalers, and the largest retailers in the USA.",Automated Order Fulfillment,sophio
Body Parts,Trusted by the largest wholesalers and retailers in America.,Integrations,sophio
Brake Parts,,Sitemaps and Product Feeds,sophio
Cooling Parts,,Auto Parts and eCommerce,sophio
Electrical Parts,,Top Knowledgebase Articles,sophio
Engine Parts,,Customer Support,sophio
Emission Parts,,,sophio
Fuel System Parts,,,sophio
Ignition Parts,,,sophio
Steering Parts,,,sophio
Tools and Equipment,,,sophio
Transmission Parts,,,sophio
,What would you like to know?,How to Apply Automation for CRM Tasks,com/b2b-ecommerce/page/2/?s=Automotive
,,"November 2020 B2B eCommerce Roundup: COVID, Holidays, Manufacturing, Distribution, and Supply Chain News",com/b2b-ecommerce/page/2/?s=Automotive
,,Why a Workflow Automation Engine Is Essential for Your Digital Transformation | OroCommerce,com/b2b-ecommerce/page/2/?s=Automotive
,,September 2020 B2B eCommerce News Roundup | OroCommerce,com/b2b-ecommerce/page/2/?s=Automotive
,,OroCommerce Partners with E7,com/b2b-ecommerce/page/2/?s=Automotive
,,How Automated Quoting Takes Your eCommerce to the Next Level | OroCommerce,com/b2b-ecommerce/page/2/?s=Automotive
,,B2B Sales Automation – Tips and Best Practices | OroCommerce,com/b2b-ecommerce/page/2/?s=Automotive
,,Whitepaper: B2B eCommerce Workflow and Its Impact on Digitization,com/b2b-ecommerce/page/2/?s=Automotive
,,SKU Management in Enterprise eCommerce: How to Gain Control Over Inventory | OroCommerce,com/b2b-ecommerce/page/2/?s=Automotive
,,Get the latest Oro News,com/b2b-ecommerce/page/2/?s=Automotive
,,Compliances,com/b2b-ecommerce/page/2/?s=Automotive
,,Follow Oro,com/b2b-ecommerce/page/2/?s=Automotive
Automotive eCommerce Platform for the Auto Parts Industry,Find out how to boost sales in automotive with B2B eCommerce,Expand Your Market Share,com/b2b-ecommerce/automotive-and-auto-parts/
,Key Benefits of eCommerce for the Automotive Industry,Increase Sales and AOV,com/b2b-ecommerce/automotive-and-auto-parts/
,OroCommerce Automotive Success Story,Automate Your Business,com/b2b-ecommerce/automotive-and-auto-parts/
,Digitization with Auto Parts eCommerce Helps Distributor to Reach New Markets,Future-Proof Your Business,com/b2b-ecommerce/automotive-and-auto-parts/
,Reasons to Choose OroCommerce for Automotive,Cost-efficiency with faster time to market,com/b2b-ecommerce/automotive-and-auto-parts/
,Frequently Asked Questions About B2B eCommerce for Automotive and Auto Part,Made for the complexity of automotive,com/b2b-ecommerce/automotive-and-auto-parts/
,Looking for game-changing eCommerce insights?,"Dependable 600,000+ community",com/b2b-ecommerce/automotive-and-auto-parts/
,,Built-in eCommerce CRM,com/b2b-ecommerce/automotive-and-auto-parts/
,,B2B features out-of-the-box,com/b2b-ecommerce/automotive-and-auto-parts/
,,24/7 customer support,com/b2b-ecommerce/automotive-and-auto-parts/
,,Should I sell auto parts online?,com/b2b-ecommerce/automotive-and-auto-parts/
,,How do people buy auto parts in 2022?,com/b2b-ecommerce/automotive-and-auto-parts/
,,Do I need an eCommerce platform for my auto parts business?,com/b2b-ecommerce/automotive-and-auto-parts/
,,What are the benefits of B2B eCommerce for auto parts and accessories?,com/b2b-ecommerce/automotive-and-auto-parts/
,,Ultimate guide to eCommerce replatforming,com/b2b-ecommerce/automotive-and-auto-parts/
,,How to get offline customers to purchase online,com/b2b-ecommerce/automotive-and-auto-parts/
,,Workflow automation engine and its impact on B2B eCommerce digital transformation,com/b2b-ecommerce/automotive-and-auto-parts/
,,Get the latest Oro News,com/b2b-ecommerce/automotive-and-auto-parts/
,,Compliances,com/b2b-ecommerce/automotive-and-auto-parts/
,,Follow Oro,com/b2b-ecommerce/automotive-and-auto-parts/
